{"cameraMode":{"drawMode":0,"name":"Shaded","section":"Shading Mode"},"sceneLighting":false,"audioPlay":false,"sceneViewState":{"showFog":true,"showMaterialUpdate":false,"showSkybox":false,"showFlares":true,"showImageEffects":true,"showParticleSystems":true},"in2DMode":false,"pivot":{"x":-0.14428311586380006,"y":2.941096544265747,"z":2.8642678260803224},"rotation":{"x":-0.006470836233347654,"y":-0.9865310192108154,"z":0.16693945229053498,"w":0.0517127700150013},"size":9.681537628173829,"orthographic":false}