{"cameraMode":{"drawMode":0,"name":"Shaded","section":"Shading Mode"},"sceneLighting":true,"audioPlay":false,"sceneViewState":{"showFog":true,"showMaterialUpdate":false,"showSkybox":true,"showFlares":true,"showImageEffects":true,"showParticleSystems":true},"in2DMode":false,"pivot":{"x":-279.87481689453127,"y":-127.49853515625,"z":-303.6255187988281},"rotation":{"x":-0.08980891108512879,"y":0.6460316181182861,"z":-0.07689018547534943,"w":-0.7541555762290955},"size":219.0936737060547,"orthographic":false}