{"cameraMode":{"drawMode":0,"name":"Shaded","section":"Shading Mode"},"sceneLighting":false,"audioPlay":false,"sceneViewState":{"showFog":true,"showMaterialUpdate":false,"showSkybox":false,"showFlares":true,"showImageEffects":true,"showParticleSystems":true},"in2DMode":false,"pivot":{"x":-0.6803662776947022,"y":1.8010897636413575,"z":-0.630609393119812},"rotation":{"x":0.02297978848218918,"y":-0.9284833669662476,"z":0.07997763901948929,"w":0.36603131890296938},"size":7.452749729156494,"orthographic":false}