{"cameraMode":{"drawMode":0,"name":"Shaded","section":"Shading Mode"},"sceneLighting":true,"audioPlay":false,"sceneViewState":{"showFog":true,"showMaterialUpdate":true,"showSkybox":false,"showFlares":true,"showImageEffects":true,"showParticleSystems":true},"in2DMode":false,"pivot":{"x":-9.875503540039063,"y":-0.9791758060455322,"z":7.065025329589844},"rotation":{"x":0.06459493190050125,"y":-0.16862133145332337,"z":-0.003706688527017832,"w":0.9851702451705933},"size":22.0,"orthographic":false}