{"cameraMode":{"drawMode":0,"name":"Shaded","section":"Shading Mode"},"sceneLighting":true,"audioPlay":false,"sceneViewState":{"showFog":true,"showMaterialUpdate":true,"showSkybox":false,"showFlares":true,"showImageEffects":true,"showParticleSystems":true},"in2DMode":false,"pivot":{"x":-9.688154220581055,"y":-6.155200958251953,"z":7.066943168640137},"rotation":{"x":-0.3120056986808777,"y":0.1412515640258789,"z":-0.046968791633844379,"w":-0.9383674263954163},"size":14.547741889953614,"orthographic":false}