{"cameraMode":{"drawMode":0,"name":"Shaded","section":"Shading Mode"},"sceneLighting":false,"audioPlay":false,"sceneViewState":{"showFog":true,"showMaterialUpdate":true,"showSkybox":false,"showFlares":true,"showImageEffects":true,"showParticleSystems":true},"in2DMode":false,"pivot":{"x":-14.706793785095215,"y":-105.8602294921875,"z":181.46200561523438},"rotation":{"x":0.03783318027853966,"y":-0.9766155481338501,"z":0.12400137633085251,"w":0.18097013235092164},"size":13.466632843017579,"orthographic":false}