{"cameraMode":{"drawMode":0,"name":"Shaded","section":"Shading Mode"},"sceneLighting":false,"audioPlay":false,"sceneViewState":{"showFog":true,"showMaterialUpdate":true,"showSkybox":false,"showFlares":true,"showImageEffects":true,"showParticleSystems":true},"in2DMode":false,"pivot":{"x":-4.151573181152344,"y":9.208314895629883,"z":4.647328853607178},"rotation":{"x":-0.12757177650928498,"y":-0.694995105266571,"z":0.13655033707618714,"w":-0.697073757648468},"size":2.8029708862304689,"orthographic":false}