{"cameraMode":{"drawMode":0,"name":"Shaded","section":"Shading Mode"},"sceneLighting":true,"audioPlay":false,"sceneViewState":{"showFog":true,"showMaterialUpdate":true,"showSkybox":false,"showFlares":true,"showImageEffects":true,"showParticleSystems":true},"in2DMode":false,"pivot":{"x":13.790139198303223,"y":2.982691526412964,"z":19.27556610107422},"rotation":{"x":-0.012614364735782147,"y":0.9825832843780518,"z":-0.04192716255784035,"w":-0.188297301530838},"size":3.414663076400757,"orthographic":false}