{"cameraMode":{"drawMode":0,"name":"Shaded","section":"Shading Mode"},"sceneLighting":true,"audioPlay":false,"sceneViewState":{"showFog":true,"showMaterialUpdate":true,"showSkybox":false,"showFlares":true,"showImageEffects":true,"showParticleSystems":true},"in2DMode":false,"pivot":{"x":-69.99995422363281,"y":-102.82276916503906,"z":147.5209503173828},"rotation":{"x":0.013318858109414578,"y":0.06850402057170868,"z":0.003293628105893731,"w":-0.9986023306846619},"size":16.90091896057129,"orthographic":false}