{"cameraMode":{"drawMode":0,"name":"Shaded","section":"Shading Mode"},"sceneLighting":true,"audioPlay":false,"sceneViewState":{"showFog":true,"showMaterialUpdate":true,"showSkybox":false,"showFlares":true,"showImageEffects":true,"showParticleSystems":true},"in2DMode":false,"pivot":{"x":-5.351325035095215,"y":-1.3357670307159424,"z":-5.60904598236084},"rotation":{"x":0.20248796045780183,"y":-0.030841689556837083,"z":0.0063797468319535259,"w":0.9787808656692505},"size":10.167465209960938,"orthographic":false}