{"cameraMode":{"drawMode":0,"name":"Shaded","section":"Shading Mode"},"sceneLighting":false,"audioPlay":false,"sceneViewState":{"showFog":true,"showMaterialUpdate":true,"showSkybox":false,"showFlares":true,"showImageEffects":true,"showParticleSystems":true},"in2DMode":false,"pivot":{"x":2.3239998817443849,"y":0.981999933719635,"z":-0.13699999451637269},"rotation":{"x":-0.1657203882932663,"y":0.012730447575449944,"z":-0.0021389166358858349,"w":-0.9860997200012207},"size":1.087623119354248,"orthographic":false}