{"cameraMode":{"drawMode":0,"name":"Shaded","section":"Shading Mode"},"sceneLighting":false,"audioPlay":false,"sceneViewState":{"showFog":true,"showMaterialUpdate":true,"showSkybox":false,"showFlares":true,"showImageEffects":true,"showParticleSystems":true},"in2DMode":false,"pivot":{"x":0.16004809737205506,"y":0.0,"z":-1.4901161193847657e-8},"rotation":{"x":0.03536567464470863,"y":-0.9704661965370178,"z":0.16525085270404817,"w":0.1802625060081482},"size":1.8346104621887208,"orthographic":false}