{"cameraMode":{"drawMode":0,"name":"Shaded","section":"Shading Mode"},"sceneLighting":false,"audioPlay":false,"sceneViewState":{"showFog":true,"showMaterialUpdate":true,"showSkybox":false,"showFlares":true,"showImageEffects":true,"showParticleSystems":true},"in2DMode":false,"pivot":{"x":5.861356258392334,"y":-5.5791449546813969,"z":2.1275181770324709},"rotation":{"x":0.374982625246048,"y":0.3000519871711731,"z":-0.12969808280467988,"w":0.8675004839897156},"size":10.088252067565918,"orthographic":false}