{"cameraMode":{"drawMode":0,"name":"Shaded","section":"Shading Mode"},"sceneLighting":true,"audioPlay":false,"sceneViewState":{"showFog":true,"showMaterialUpdate":true,"showSkybox":false,"showFlares":true,"showImageEffects":true,"showParticleSystems":true},"in2DMode":false,"pivot":{"x":20.6411190032959,"y":15.388195037841797,"z":-7.271599769592285},"rotation":{"x":-0.06108919158577919,"y":0.4968082010746002,"z":-0.02629128098487854,"w":-0.867550790309906},"size":0.00005720692206523381,"orthographic":false}