{"cameraMode":{"drawMode":0,"name":"Shaded","section":"Shading Mode"},"sceneLighting":true,"audioPlay":false,"sceneViewState":{"showFog":true,"showMaterialUpdate":true,"showSkybox":false,"showFlares":true,"showImageEffects":true,"showParticleSystems":true},"in2DMode":false,"pivot":{"x":-114.49810028076172,"y":-105.781494140625,"z":151.14601135253907},"rotation":{"x":0.12313400954008103,"y":-0.5296775698661804,"z":-0.06569059193134308,"w":-0.8380114436149597},"size":16.90091896057129,"orthographic":false}