{"cameraMode":{"drawMode":0,"name":"Shaded","section":"Shading Mode"},"sceneLighting":false,"audioPlay":false,"sceneViewState":{"showFog":true,"showMaterialUpdate":true,"showSkybox":false,"showFlares":true,"showImageEffects":true,"showParticleSystems":true},"in2DMode":false,"pivot":{"x":-6.397083282470703,"y":3.233654022216797,"z":8.64952278137207},"rotation":{"x":-0.03695698454976082,"y":0.9770907759666443,"z":-0.12114192545413971,"w":-0.1805279701948166},"size":13.466632843017579,"orthographic":false}