{"cameraMode":{"drawMode":0,"name":"Shaded","section":"Shading Mode"},"sceneLighting":true,"audioPlay":false,"sceneViewState":{"showFog":true,"showMaterialUpdate":true,"showSkybox":false,"showFlares":true,"showImageEffects":true,"showParticleSystems":true},"in2DMode":false,"pivot":{"x":-111.52719116210938,"y":-116.59510803222656,"z":166.74612426757813},"rotation":{"x":0.020438458770513536,"y":0.9647529125213623,"z":-0.12298893183469773,"w":0.23706452548503877},"size":4.774336814880371,"orthographic":false}