{"cameraMode":{"drawMode":0,"name":"Shaded","section":"Shading Mode"},"sceneLighting":false,"audioPlay":false,"sceneViewState":{"showFog":true,"showMaterialUpdate":true,"showSkybox":false,"showFlares":true,"showImageEffects":true,"showParticleSystems":true},"in2DMode":false,"pivot":{"x":-14.102226257324219,"y":8.137751579284668,"z":-8.098091125488282},"rotation":{"x":-0.06919366121292114,"y":0.7476307153701782,"z":-0.06900356709957123,"w":-0.659791111946106},"size":2.802971124649048,"orthographic":false}