{"cameraMode":{"drawMode":0,"name":"Shaded","section":"Shading Mode"},"sceneLighting":false,"audioPlay":false,"sceneViewState":{"showFog":true,"showMaterialUpdate":true,"showSkybox":false,"showFlares":true,"showImageEffects":true,"showParticleSystems":true},"in2DMode":false,"pivot":{"x":-42.56896209716797,"y":-93.13069915771485,"z":106.94654083251953},"rotation":{"x":-0.14204911887645722,"y":-0.021010877564549447,"z":0.011386536061763764,"w":-0.9914281964302063},"size":11.54042911529541,"orthographic":false}