{"cameraMode":{"drawMode":0,"name":"Shaded","section":"Shading Mode"},"sceneLighting":true,"audioPlay":false,"sceneViewState":{"showFog":true,"showMaterialUpdate":true,"showSkybox":false,"showFlares":true,"showImageEffects":true,"showParticleSystems":true},"in2DMode":false,"pivot":{"x":16.666000366210939,"y":-96.12516021728516,"z":175.1707763671875},"rotation":{"x":-0.1631462723016739,"y":0.7096090912818909,"z":-0.15523631870746613,"w":-0.6699588894844055},"size":13.466632843017579,"orthographic":false}