{"cameraMode":{"drawMode":0,"name":"Shaded","section":"Shading Mode"},"sceneLighting":true,"audioPlay":false,"sceneViewState":{"showFog":true,"showMaterialUpdate":true,"showSkybox":false,"showFlares":true,"showImageEffects":true,"showParticleSystems":true},"in2DMode":false,"pivot":{"x":-17.44729995727539,"y":22.404844284057618,"z":27.99540138244629},"rotation":{"x":0.0054364195093512539,"y":-0.9984102845191956,"z":-0.0070917061530053619,"w":-0.08304385840892792},"size":18.554872512817384,"orthographic":false}