{"cameraMode":{"drawMode":0,"name":"Shaded","section":"Shading Mode"},"sceneLighting":true,"audioPlay":false,"sceneViewState":{"showFog":true,"showMaterialUpdate":true,"showSkybox":false,"showFlares":true,"showImageEffects":true,"showParticleSystems":true},"in2DMode":false,"pivot":{"x":-4.309759616851807,"y":1.2842097282409669,"z":-13.048980712890625},"rotation":{"x":-0.03461821749806404,"y":0.03638453409075737,"z":-0.001837204210460186,"w":0.9999110698699951},"size":0.8243505358695984,"orthographic":false}