{"cameraMode":{"drawMode":0,"name":"Shaded","section":"Shading Mode"},"sceneLighting":true,"audioPlay":false,"sceneViewState":{"showFog":true,"showMaterialUpdate":true,"showSkybox":false,"showFlares":true,"showImageEffects":true,"showParticleSystems":true},"in2DMode":false,"pivot":{"x":-135.14292907714845,"y":-106.29065704345703,"z":149.81739807128907},"rotation":{"x":-0.10541414469480515,"y":-0.5065057873725891,"z":0.07469778507947922,"w":-0.8538550138473511},"size":16.90091896057129,"orthographic":false}