{"cameraMode":{"drawMode":0,"name":"Shaded","section":"Shading Mode"},"sceneLighting":false,"audioPlay":false,"sceneViewState":{"showFog":true,"showMaterialUpdate":false,"showSkybox":false,"showFlares":true,"showImageEffects":true,"showParticleSystems":true},"in2DMode":false,"pivot":{"x":-12.404080390930176,"y":1.9719306230545045,"z":-11.850831031799317},"rotation":{"x":-0.05756046622991562,"y":0.924115777015686,"z":-0.15260544419288636,"w":-0.3459509313106537},"size":0.2333461344242096,"orthographic":false}