{"cameraMode":{"drawMode":0,"name":"Shaded","section":"Shading Mode"},"sceneLighting":false,"audioPlay":false,"sceneViewState":{"showFog":true,"showMaterialUpdate":false,"showSkybox":false,"showFlares":true,"showImageEffects":true,"showParticleSystems":true},"in2DMode":false,"pivot":{"x":1.2816675901412964,"y":2.0855135917663576,"z":-11.238718032836914},"rotation":{"x":0.0035768814850598575,"y":-0.9991173148155212,"z":-0.04863201454281807,"w":-0.02224038541316986},"size":13.313680648803711,"orthographic":false}