{"cameraMode":{"drawMode":0,"name":"Shaded","section":"Shading Mode"},"sceneLighting":false,"audioPlay":false,"sceneViewState":{"showFog":true,"showMaterialUpdate":false,"showSkybox":false,"showFlares":true,"showImageEffects":true,"showParticleSystems":true},"in2DMode":false,"pivot":{"x":24.999916076660158,"y":0.8906084299087524,"z":27.982608795166017},"rotation":{"x":-0.2802577316761017,"y":-0.1611672341823578,"z":0.048114702105522159,"w":-0.9451743960380554},"size":4.774335861206055,"orthographic":false}