{"cameraMode":{"drawMode":0,"name":"Shaded","section":"Shading Mode"},"sceneLighting":false,"audioPlay":false,"sceneViewState":{"showFog":true,"showMaterialUpdate":false,"showSkybox":false,"showFlares":true,"showImageEffects":true,"showParticleSystems":true},"in2DMode":false,"pivot":{"x":-2.628803253173828,"y":10.392531394958496,"z":2.8351855278015138},"rotation":{"x":-0.16603843867778779,"y":0.5641308426856995,"z":0.1173686608672142,"w":0.8006641268730164},"size":22.0,"orthographic":false}