{"cameraMode":{"drawMode":0,"name":"Shaded","section":"Shading Mode"},"sceneLighting":true,"audioPlay":false,"sceneViewState":{"showFog":true,"showMaterialUpdate":false,"showSkybox":true,"showFlares":true,"showImageEffects":true,"showParticleSystems":true},"in2DMode":false,"pivot":{"x":-2.8423075675964357,"y":-11.179828643798829,"z":3.946244239807129},"rotation":{"x":0.32134032249450686,"y":-0.03066505491733551,"z":0.010356370359659195,"w":0.946448564529419},"size":22.989999771118165,"orthographic":false}