{"cameraMode":{"drawMode":0,"name":"Shaded","section":"Shading Mode"},"sceneLighting":true,"audioPlay":false,"sceneViewState":{"showFog":true,"showMaterialUpdate":false,"showSkybox":true,"showFlares":true,"showImageEffects":true,"showParticleSystems":true},"in2DMode":false,"pivot":{"x":1.5810861587524415,"y":3.4853262901306154,"z":10.681570053100586},"rotation":{"x":0.10329926013946533,"y":-0.18488222360610963,"z":0.019515423104166986,"w":0.9772390723228455},"size":25.734399795532228,"orthographic":false}