{"cameraMode":{"drawMode":0,"name":"Shaded","section":"Shading Mode"},"sceneLighting":true,"audioPlay":false,"sceneViewState":{"showFog":true,"showMaterialUpdate":false,"showSkybox":true,"showFlares":true,"showImageEffects":true,"showParticleSystems":true},"in2DMode":false,"pivot":{"x":17.599590301513673,"y":1.8461618423461915,"z":-11.425968170166016},"rotation":{"x":0.027977578341960908,"y":0.9097524881362915,"z":-0.06393692642450333,"w":0.41046151518821719},"size":32.369144439697269,"orthographic":false}