{"cameraMode":{"drawMode":0,"name":"Shaded","section":"Shading Mode"},"sceneLighting":false,"audioPlay":false,"sceneViewState":{"showFog":true,"showMaterialUpdate":false,"showSkybox":false,"showFlares":true,"showImageEffects":true,"showParticleSystems":true},"in2DMode":false,"pivot":{"x":-2.1898303031921388,"y":1.1730774641036988,"z":-11.761581420898438},"rotation":{"x":-0.1678106039762497,"y":0.17378205060958863,"z":-0.030033355578780175,"w":-0.9699440598487854},"size":0.5223578214645386,"orthographic":false}