{"cameraMode":{"drawMode":0,"name":"Shaded","section":"Shading Mode"},"sceneLighting":false,"audioPlay":false,"sceneViewState":{"showFog":true,"showMaterialUpdate":false,"showSkybox":false,"showFlares":true,"showImageEffects":true,"showParticleSystems":true},"in2DMode":false,"pivot":{"x":0.0,"y":-0.0929693728685379,"z":-0.1020144671201706},"rotation":{"x":-0.17226216197013856,"y":-0.2974758744239807,"z":0.055005479604005817,"w":-0.9375753998756409},"size":0.8581622242927551,"orthographic":false}