{"cameraMode":{"drawMode":0,"name":"Shaded","section":"Shading Mode"},"sceneLighting":true,"audioPlay":false,"sceneViewState":{"showFog":true,"showMaterialUpdate":false,"showSkybox":true,"showFlares":true,"showImageEffects":true,"showParticleSystems":true},"in2DMode":false,"pivot":{"x":3.1888699531555177,"y":1.9802111387252808,"z":-1.6636760234832764},"rotation":{"x":-0.000934342504478991,"y":-0.9421492218971252,"z":0.0026485046837478878,"w":-0.33528241515159609},"size":2.0040576457977297,"orthographic":false}