{"cameraMode":{"drawMode":0,"name":"Shaded","section":"Shading Mode"},"sceneLighting":false,"audioPlay":false,"sceneViewState":{"showFog":true,"showMaterialUpdate":false,"showSkybox":false,"showFlares":true,"showImageEffects":true,"showParticleSystems":true},"in2DMode":false,"pivot":{"x":0.6771690845489502,"y":6.675727367401123,"z":5.2677106857299809},"rotation":{"x":-0.058638229966163638,"y":0.4231877326965332,"z":-0.02521604858338833,"w":-0.9043891429901123},"size":2.8029708862304689,"orthographic":false}