{"cameraMode":{"drawMode":0,"name":"Shaded","section":"Shading Mode"},"sceneLighting":true,"audioPlay":false,"sceneViewState":{"showFog":true,"showMaterialUpdate":false,"showSkybox":true,"showFlares":true,"showImageEffects":true,"showParticleSystems":true},"in2DMode":false,"pivot":{"x":16.3575496673584,"y":10.285706520080567,"z":-1.0015990734100342},"rotation":{"x":-0.12695202231407166,"y":0.40838542580604555,"z":-0.05747118219733238,"w":-0.9021111130714417},"size":10.0,"orthographic":false}