{"cameraMode":{"drawMode":0,"name":"Shaded","section":"Shading Mode"},"sceneLighting":false,"audioPlay":false,"sceneViewState":{"showFog":true,"showMaterialUpdate":false,"showSkybox":false,"showFlares":true,"showImageEffects":true,"showParticleSystems":true},"in2DMode":false,"pivot":{"x":3.997265577316284,"y":-1.4626528024673463,"z":2.626269817352295},"rotation":{"x":-0.14768047630786897,"y":-0.4792059063911438,"z":0.08219399303197861,"w":-0.8613958954811096},"size":5.4927778244018559,"orthographic":false}