{"cameraMode":{"drawMode":0,"name":"Shaded","section":"Shading Mode"},"sceneLighting":false,"audioPlay":false,"sceneViewState":{"showFog":true,"showMaterialUpdate":false,"showSkybox":false,"showFlares":true,"showImageEffects":true,"showParticleSystems":true},"in2DMode":false,"pivot":{"x":-1.2078351974487305,"y":0.34747686982154848,"z":-0.3780076503753662},"rotation":{"x":0.06217461824417114,"y":0.5611063241958618,"z":-0.04237251728773117,"w":0.8243606686592102},"size":0.00005715767838410102,"orthographic":false}