{"cameraMode":{"drawMode":0,"name":"Shaded","section":"Shading Mode"},"sceneLighting":false,"audioPlay":false,"sceneViewState":{"showFog":true,"showMaterialUpdate":false,"showSkybox":false,"showFlares":true,"showImageEffects":true,"showParticleSystems":true},"in2DMode":false,"pivot":{"x":21.017608642578126,"y":3.3140740394592287,"z":24.645946502685548},"rotation":{"x":-0.0610833577811718,"y":0.896090030670166,"z":-0.13019733130931855,"w":-0.42003029584884646},"size":14.050252914428711,"orthographic":false}