{"cameraMode":{"drawMode":0,"name":"Shaded","section":"Shading Mode"},"sceneLighting":false,"audioPlay":false,"sceneViewState":{"showFog":true,"showMaterialUpdate":false,"showSkybox":false,"showFlares":true,"showImageEffects":true,"showParticleSystems":true},"in2DMode":false,"pivot":{"x":-0.09087276458740235,"y":0.8882737159729004,"z":3.9437170028686525},"rotation":{"x":-0.15701371431350709,"y":0.4182370603084564,"z":-0.07365065068006516,"w":-0.8916362524032593},"size":7.75550651550293,"orthographic":false}