{"cameraMode":{"drawMode":0,"name":"Shaded","section":"Shading Mode"},"sceneLighting":false,"audioPlay":false,"sceneViewState":{"showFog":true,"showMaterialUpdate":false,"showSkybox":false,"showFlares":true,"showImageEffects":true,"showParticleSystems":true},"in2DMode":false,"pivot":{"x":-12.742201805114746,"y":0.7153583765029907,"z":-12.271709442138672},"rotation":{"x":-0.09693079441785813,"y":0.862201452255249,"z":-0.46403366327285769,"w":-0.1793462038040161},"size":0.05833542346954346,"orthographic":false}