{"cameraMode":{"drawMode":0,"name":"Shaded","section":"Shading Mode"},"sceneLighting":true,"audioPlay":false,"sceneViewState":{"showFog":true,"showMaterialUpdate":false,"showSkybox":true,"showFlares":true,"showImageEffects":true,"showParticleSystems":true},"in2DMode":false,"pivot":{"x":74.02999114990235,"y":-22.81352424621582,"z":6.688567161560059},"rotation":{"x":0.11114095151424408,"y":0.6617367267608643,"z":-0.10120007395744324,"w":0.7351746559143066},"size":135.19198608398438,"orthographic":false}