{"cameraMode":{"drawMode":0,"name":"Shaded","section":"Shading Mode"},"sceneLighting":true,"audioPlay":false,"sceneViewState":{"showFog":true,"showMaterialUpdate":false,"showSkybox":true,"showFlares":true,"showImageEffects":true,"showParticleSystems":true},"in2DMode":false,"pivot":{"x":-0.7458653450012207,"y":1.9076228141784669,"z":-0.25339746475219729},"rotation":{"x":-0.050889234989881518,"y":0.9093636870384216,"z":-0.11686248332262039,"w":-0.3959938883781433},"size":10.0,"orthographic":false}