{"cameraMode":{"drawMode":0,"name":"Shaded","section":"Shading Mode"},"sceneLighting":false,"audioPlay":false,"sceneViewState":{"showFog":true,"showMaterialUpdate":false,"showSkybox":false,"showFlares":true,"showImageEffects":true,"showParticleSystems":true},"in2DMode":false,"pivot":{"x":-0.01899220049381256,"y":-0.04889516532421112,"z":0.20290490984916688},"rotation":{"x":-0.03480977937579155,"y":0.9649757742881775,"z":-0.16538867354393006,"w":-0.20118017494678498},"size":0.30005723237991335,"orthographic":false}