{"cameraMode":{"drawMode":0,"name":"Shaded","section":"Shading Mode"},"sceneLighting":false,"audioPlay":false,"sceneViewState":{"showFog":true,"showMaterialUpdate":false,"showSkybox":false,"showFlares":true,"showImageEffects":true,"showParticleSystems":true},"in2DMode":false,"pivot":{"x":-2.8366024494171144,"y":1.6666295528411866,"z":6.725738525390625},"rotation":{"x":-0.041201747953891757,"y":0.8638320565223694,"z":-0.07406216114759445,"w":-0.49746161699295046},"size":11.540424346923829,"orthographic":false}