{"cameraMode":{"drawMode":0,"name":"Shaded","section":"Shading Mode"},"sceneLighting":true,"audioPlay":false,"sceneViewState":{"showFog":true,"showMaterialUpdate":false,"showSkybox":true,"showFlares":true,"showImageEffects":true,"showParticleSystems":true},"in2DMode":false,"pivot":{"x":4.176785469055176,"y":-0.7742257118225098,"z":4.350559234619141},"rotation":{"x":0.0978781208395958,"y":0.07941880077123642,"z":-0.007680253591388464,"w":0.992302656173706},"size":11.043388366699219,"orthographic":false}