{"cameraMode":{"drawMode":0,"name":"Shaded","section":"Shading Mode"},"sceneLighting":true,"audioPlay":false,"sceneViewState":{"showFog":true,"showMaterialUpdate":false,"showSkybox":true,"showFlares":true,"showImageEffects":true,"showParticleSystems":true},"in2DMode":false,"pivot":{"x":-99.87327575683594,"y":-22.079790115356447,"z":-32.46597671508789},"rotation":{"x":0.062632717192173,"y":-0.7239331603050232,"z":0.06769618391990662,"w":0.6843765377998352},"size":144.941162109375,"orthographic":false}