{"cameraMode":{"drawMode":0,"name":"Shaded","section":"Shading Mode"},"sceneLighting":false,"audioPlay":false,"sceneViewState":{"showFog":true,"showMaterialUpdate":false,"showSkybox":false,"showFlares":true,"showImageEffects":true,"showParticleSystems":true},"in2DMode":false,"pivot":{"x":-0.22080278396606446,"y":-7.304243087768555,"z":-8.536349296569825},"rotation":{"x":0.016753926873207094,"y":-0.9468258023262024,"z":0.32029518485069277,"w":0.04197733849287033},"size":18.118078231811525,"orthographic":false}