{"cameraMode":{"drawMode":0,"name":"Shaded","section":"Shading Mode"},"sceneLighting":false,"audioPlay":false,"sceneViewState":{"showFog":true,"showMaterialUpdate":false,"showSkybox":false,"showFlares":true,"showImageEffects":true,"showParticleSystems":true},"in2DMode":false,"pivot":{"x":-0.06856496632099152,"y":1.1934095621109009,"z":0.8041774034500122},"rotation":{"x":0.2861534655094147,"y":-0.23066100478172303,"z":0.07159437239170075,"w":0.9276696443557739},"size":0.3636031746864319,"orthographic":false}