{"cameraMode":{"drawMode":0,"name":"Shaded","section":"Shading Mode"},"sceneLighting":true,"audioPlay":false,"sceneViewState":{"showFog":true,"showMaterialUpdate":false,"showSkybox":true,"showFlares":true,"showImageEffects":true,"showParticleSystems":true},"in2DMode":false,"pivot":{"x":-1.4272775650024415,"y":1.3286254405975342,"z":-11.903719902038575},"rotation":{"x":-0.16975633800029756,"y":0.5363010764122009,"z":-0.11112337559461594,"w":-0.8192920684814453},"size":0.5243505239486694,"orthographic":false}