{"cameraMode":{"drawMode":0,"name":"Shaded","section":"Shading Mode"},"sceneLighting":true,"audioPlay":false,"sceneViewState":{"showFog":true,"showMaterialUpdate":false,"showSkybox":true,"showFlares":true,"showImageEffects":true,"showParticleSystems":true},"in2DMode":false,"pivot":{"x":-3.5747315883636476,"y":2.8885622024536135,"z":-2.796437978744507},"rotation":{"x":0.053641222417354587,"y":0.28895074129104617,"z":-0.017138706520199777,"w":0.9562020897865295},"size":4.105443000793457,"orthographic":false}