{"cameraMode":{"drawMode":0,"name":"Shaded","section":"Shading Mode"},"sceneLighting":true,"audioPlay":false,"sceneViewState":{"showFog":true,"showMaterialUpdate":false,"showSkybox":true,"showFlares":true,"showImageEffects":true,"showParticleSystems":true},"in2DMode":false,"pivot":{"x":-0.9493041634559631,"y":-2.730916738510132,"z":26.888608932495118},"rotation":{"x":0.07580014318227768,"y":-0.017063481733202935,"z":-0.000894203083589673,"w":0.9974943399429321},"size":35.95339584350586,"orthographic":false}