{"cameraMode":{"drawMode":0,"name":"Shaded","section":"Shading Mode"},"sceneLighting":true,"audioPlay":false,"sceneViewState":{"showFog":true,"showMaterialUpdate":false,"showSkybox":true,"showFlares":true,"showImageEffects":true,"showParticleSystems":true},"in2DMode":false,"pivot":{"x":-11.602320671081543,"y":-6.145081043243408,"z":-21.97963523864746},"rotation":{"x":0.10618805885314942,"y":0.6183711886405945,"z":-0.0848068967461586,"w":0.7741427421569824},"size":40.09550857543945,"orthographic":false}